model,acc
A,0.5723134328358209
B,0.6156716417910447
